"","month","sender","bank","n.terms","Achiev","Adverbs","Affect","Anger","Anx","Article","Assent","AuxVb","Body","Cause","Certain","Conj","Death","Discrep","Excl","Family","Feel","Filler","Friends","Future","Health","Hear","Home","Humans","I","Incl","Ingest","Inhib","Insight","Ipron","Leisure","Money","Motion","Negate","Negemo","Nonflu","Numbers","Past","Percept","Posemo","Prep","Present","Quant","Relig","Sad","See","Sexual","SheHe","Social","Space","Swear","Tentat","They","Time","We","Work","You"
"398",1,"B5167","B",66,6,0,5,8,8,4,0,6,2,7,3,2,3,9,8,2,9,6,4,1,5,2,9,9,5,2,3,6,0,3,8,1,1,8,4,6,3,0,5,9,6,8,0,0,0,1,4,5,8,1,9,3,5,0,6,1,2
"324",1,"L0845","L",51,6,2,5,2,8,8,3,8,4,0,4,9,9,2,0,6,4,8,6,6,6,6,1,8,4,4,8,9,2,9,0,9,0,0,3,5,6,6,2,8,2,7,7,3,5,4,5,2,8,2,6,6,7,5,9,7,5
"167",1,"B5523","B",18,7,0,4,6,4,7,2,3,8,2,8,1,7,4,2,2,0,2,9,0,8,4,0,4,6,3,8,9,1,4,3,7,2,8,4,9,4,2,6,4,4,8,8,9,1,0,2,2,2,5,7,3,8,0,2,6,4
"129",1,"B4406","B",85,9,7,9,3,7,1,1,1,5,8,8,5,7,7,4,0,1,9,6,5,5,6,2,4,1,1,8,5,4,3,8,3,6,4,2,6,2,1,1,4,2,3,2,4,8,5,3,4,5,7,1,3,9,0,4,2,8
"299",1,"L0132","L",19,1,1,5,6,7,3,1,8,6,7,8,0,1,9,6,0,5,7,8,3,2,2,9,8,9,9,0,1,5,1,2,3,7,3,1,3,4,5,7,2,2,6,6,8,1,9,3,5,7,4,0,6,2,3,8,9,1
"270",1,"B8936","B",2,6,1,9,2,5,0,5,8,7,0,1,9,7,3,7,1,4,6,7,6,5,5,0,0,5,9,1,4,4,8,8,1,0,1,1,2,6,7,1,5,0,1,5,8,8,1,3,6,5,8,6,0,7,7,8,0,4
"187",1,"B6195","B",97,0,9,8,4,9,5,6,7,6,2,6,9,8,4,8,0,7,6,6,5,4,8,7,0,7,6,5,1,9,0,1,9,4,0,0,7,7,8,6,3,9,8,2,2,8,9,2,6,3,6,0,2,0,9,2,7,5
"307",1,"L0310","L",72,4,2,3,9,5,6,3,6,5,4,6,9,9,1,5,6,9,4,2,8,9,4,4,9,1,6,4,6,0,9,6,4,3,7,6,6,5,6,5,6,1,9,1,8,4,4,5,9,6,3,0,2,5,1,6,5,0
"85",1,"B2742","B",26,6,3,6,6,3,8,1,9,7,6,9,3,6,3,4,5,6,1,4,7,7,5,3,4,7,6,9,9,3,8,4,1,9,4,7,5,4,1,2,8,2,5,1,0,2,3,3,0,6,4,6,6,5,0,7,6,9
"277",1,"B9157","B",97,5,2,1,7,9,5,3,6,2,7,1,3,0,6,2,0,9,5,2,2,6,6,7,9,2,4,2,4,5,7,8,2,1,8,3,3,6,7,5,7,8,1,1,2,9,1,3,1,5,2,2,5,0,0,5,5,1
"362",1,"L2187","L",57,1,4,9,1,1,1,8,7,4,3,8,2,4,5,4,1,2,7,1,9,5,1,3,8,8,1,8,9,1,0,1,3,6,9,6,7,2,1,2,1,2,0,5,7,9,7,0,5,8,1,9,6,1,6,9,7,4
"330",1,"L0982","L",60,8,6,1,0,3,0,6,5,5,1,4,2,3,2,4,9,1,0,9,9,8,8,8,9,2,5,4,9,9,6,4,3,6,2,6,0,8,0,0,3,2,4,5,2,6,4,9,1,1,5,8,7,2,4,1,2,7
"263",1,"B8594","B",81,2,9,3,8,5,1,6,2,2,5,1,8,8,6,3,4,0,2,2,5,5,4,9,6,9,5,8,5,7,9,3,9,0,0,6,5,1,0,8,3,2,8,3,1,0,2,7,1,7,5,4,2,2,5,8,9,8
"329",1,"L0935","L",95,8,3,4,0,3,9,2,2,0,7,7,0,2,3,4,3,4,1,0,0,4,5,7,2,1,1,8,7,8,7,5,1,6,6,0,9,0,2,6,5,8,1,8,6,7,0,9,2,4,5,1,8,4,4,5,5,8
"79",1,"B2532","B",86,3,2,4,3,4,2,4,8,7,2,0,1,5,7,9,5,4,3,1,2,1,6,7,2,4,2,1,0,9,3,5,5,7,8,0,8,6,1,4,2,7,2,6,1,5,0,7,6,4,6,6,5,9,3,0,4,6
"213",1,"B6946","B",71,7,7,4,7,0,0,1,8,6,8,8,0,1,6,6,7,3,2,3,9,2,7,8,6,5,6,9,1,3,8,4,4,2,3,4,2,8,6,8,3,3,4,6,3,8,3,7,8,6,1,1,3,9,7,6,5,2
"37",1,"B1306","B",32,3,1,1,7,1,0,1,7,1,0,8,5,0,1,1,8,3,2,1,9,7,5,9,5,3,0,4,3,3,6,1,9,2,9,5,6,5,4,4,3,7,1,6,0,9,4,4,1,4,2,5,9,0,2,7,3,9
"105",1,"B3481","B",52,8,7,9,1,3,8,8,0,1,7,0,9,1,4,4,3,2,7,1,2,2,0,2,7,0,4,5,4,6,5,5,8,8,1,5,9,5,5,8,3,6,7,6,9,2,3,3,5,3,4,7,0,5,2,9,9,5
"217",1,"B7096","B",27,9,7,7,4,4,8,4,8,5,2,0,0,9,4,8,0,2,6,6,0,2,8,7,9,7,9,1,4,5,5,3,2,8,5,9,6,9,0,2,9,2,8,3,8,8,4,5,7,8,8,4,0,4,0,7,7,0
"366",1,"B7179","B",25,2,5,2,1,0,9,7,4,0,9,3,5,0,8,2,4,2,0,7,2,4,4,8,7,7,9,3,7,0,0,4,5,7,3,2,1,5,0,1,1,1,8,2,8,3,8,6,9,5,2,3,1,5,3,9,1,7
"165",1,"B5471","B",66,7,4,3,5,1,9,3,4,9,3,3,3,1,1,1,1,9,0,6,8,5,6,5,4,4,9,8,6,0,6,0,2,9,3,6,6,2,6,2,5,9,0,7,1,4,0,2,4,4,8,4,2,0,2,8,0,9
"290",1,"B9692","B",16,1,2,2,7,9,7,0,7,5,7,9,7,6,1,6,2,6,9,3,0,2,6,3,4,1,1,9,5,0,6,3,3,2,0,6,5,2,6,2,7,9,0,4,1,0,0,8,2,1,6,2,4,4,9,1,4,9
"396",1,"B4387","B",30,4,1,1,6,9,8,6,3,0,9,4,0,5,5,7,0,9,5,3,2,4,3,6,8,4,0,2,4,3,6,8,4,3,2,9,4,2,8,0,4,6,6,2,8,6,1,5,4,6,6,1,0,7,4,1,9,5
"382",1,"B7739","B",37,9,0,0,2,3,9,0,4,0,2,7,7,2,8,5,6,5,3,6,2,9,0,9,7,8,9,6,9,9,6,7,5,5,1,5,9,5,8,7,0,7,1,8,3,0,0,6,6,2,2,4,4,8,4,3,1,9
"89",1,"B2786","B",36,6,8,4,2,1,0,0,2,0,0,9,4,1,0,1,6,6,7,3,2,7,4,9,3,2,5,1,1,4,0,5,4,3,0,8,0,8,5,4,1,5,5,0,0,5,7,0,5,7,9,0,1,5,2,9,1,3
"289",1,"B9624","B",28,8,6,4,7,0,9,9,5,9,8,9,4,1,2,3,8,1,1,7,1,3,7,8,9,4,1,6,6,6,6,9,0,8,1,9,3,4,0,1,5,2,8,8,3,5,1,3,8,8,2,3,3,1,6,0,9,1
"340",1,"L1355","L",42,1,8,3,2,3,7,6,0,3,9,0,7,0,9,0,2,9,0,9,7,7,7,4,1,0,6,9,4,1,9,1,5,8,6,9,6,7,2,7,4,4,3,0,1,2,1,3,7,4,9,5,4,7,6,0,5,4
"326",1,"L0879","L",90,1,3,9,1,0,9,8,8,5,1,1,0,5,0,2,4,9,5,9,1,6,7,0,1,3,4,4,2,6,1,9,7,1,7,8,9,8,3,6,4,1,2,5,0,3,7,3,3,9,9,2,0,2,8,7,0,7
"395",1,"B3887","B",29,0,0,2,7,5,5,5,1,3,2,6,9,2,9,0,9,7,6,1,3,7,6,3,5,9,4,9,2,8,0,0,1,6,3,4,1,0,1,1,6,7,4,8,8,8,3,0,1,8,3,7,5,0,6,5,7,3
"42",1,"B1404","B",45,7,5,1,1,3,0,9,2,4,4,1,3,3,3,7,9,6,5,2,4,0,5,0,8,6,9,8,2,5,2,1,1,8,3,9,1,4,1,9,1,8,4,8,2,8,3,1,5,0,1,5,1,7,5,9,0,1
"111",1,"B3763","B",68,4,0,9,6,3,4,3,3,6,2,9,5,0,0,4,7,5,1,4,6,2,9,7,2,9,5,9,4,5,3,1,7,1,8,2,8,0,2,9,3,0,2,7,2,5,1,6,6,6,2,8,4,8,2,7,8,0
"20",1,"B0786","B",68,6,1,8,2,4,1,5,0,5,9,7,2,0,1,6,3,0,7,7,9,2,6,4,2,3,3,3,7,7,8,5,5,5,2,4,1,9,0,7,9,7,1,9,6,5,0,8,3,0,5,8,4,7,6,0,5,7
"44",1,"B1457","B",41,0,1,0,4,8,8,1,7,4,8,2,5,9,9,9,6,3,1,3,8,3,4,8,0,8,1,1,4,1,6,9,5,6,9,4,2,7,1,4,5,3,0,8,5,7,1,7,0,1,8,1,6,7,4,4,0,5
"343",1,"L1481","L",72,7,2,5,2,3,7,6,7,7,5,7,1,0,0,4,5,3,8,8,3,4,3,8,1,2,3,6,3,6,0,9,2,9,6,4,4,4,6,1,4,0,7,6,0,4,2,8,0,5,2,2,6,4,3,7,6,8
"70",1,"B2299","B",52,2,6,1,9,9,9,2,9,2,6,5,4,4,6,7,7,8,9,8,5,7,9,3,6,2,5,8,8,8,9,4,1,8,2,2,7,1,2,1,8,9,2,3,2,2,5,7,4,2,3,0,8,0,6,8,9,3
"121",1,"B4106","B",48,5,2,9,2,5,9,5,8,2,1,0,4,4,0,8,8,0,0,6,6,8,0,8,8,3,5,1,8,8,9,2,1,4,0,0,6,8,2,8,6,3,2,2,7,0,8,0,1,3,5,1,7,0,9,2,2,7
"40",1,"B1389","B",6,0,2,4,0,5,1,6,9,4,9,4,5,6,6,3,9,5,1,7,5,5,8,0,1,8,7,2,2,6,5,4,5,5,9,8,4,7,3,1,9,2,7,7,7,6,6,2,4,9,5,0,3,5,8,6,5,5
"172",1,"B5749","B",47,2,8,1,5,6,2,5,1,9,9,4,8,1,8,0,5,1,7,3,6,5,4,8,3,4,2,7,6,0,2,2,6,1,3,7,9,2,4,4,8,3,2,9,4,0,2,7,1,5,4,8,4,9,2,6,2,4
"25",1,"B0899","B",39,1,5,2,7,8,1,8,9,7,1,8,1,5,0,0,3,4,8,6,1,2,1,1,2,6,1,6,4,8,2,4,0,0,3,0,9,1,7,5,0,6,4,6,5,5,7,2,3,1,4,5,5,5,6,6,9,2
"248",1,"B7983","B",95,9,5,8,9,4,7,9,7,6,1,0,7,8,5,6,7,2,4,2,8,8,3,6,2,2,8,0,1,7,1,3,2,1,8,3,2,8,9,6,1,9,4,9,9,6,2,3,0,4,3,4,0,8,2,9,1,1
"198",1,"B6539","B",13,2,0,0,1,4,6,8,8,2,6,0,8,0,6,8,5,7,7,1,7,9,6,5,6,8,5,4,8,7,3,5,8,4,1,5,6,2,3,1,1,4,2,8,6,2,6,3,1,2,6,0,9,2,6,8,9,4
"39",1,"B1371","B",61,6,8,0,2,9,1,3,0,3,5,0,3,7,9,5,3,0,6,0,0,9,4,9,1,5,0,9,1,9,5,1,0,5,4,6,0,5,9,7,8,3,2,3,9,5,1,2,9,8,0,4,1,7,1,5,7,2
"298",1,"L0125","L",96,6,1,0,0,2,0,8,6,1,4,6,3,0,5,3,5,6,4,8,3,6,9,1,9,9,5,6,7,8,1,4,6,6,2,0,4,8,8,3,4,0,4,5,6,1,5,9,9,4,6,8,4,1,9,7,1,5
"280",1,"B9258","B",55,1,5,6,0,4,7,6,3,6,8,5,3,7,8,3,5,7,4,4,8,4,7,8,6,0,4,2,4,9,5,7,6,8,9,7,6,3,4,4,3,8,5,0,1,0,5,8,2,7,2,1,8,6,1,1,3,3
"160",1,"B5436","B",22,0,4,3,8,4,7,6,8,1,6,8,8,3,3,9,1,0,0,9,0,2,9,4,1,5,5,3,5,4,8,1,3,0,2,9,0,4,3,3,1,0,3,8,3,6,0,1,6,5,7,0,4,4,9,4,8,2
"14",1,"B0578","B",30,3,8,8,3,8,8,5,4,3,0,3,9,4,4,8,3,8,8,9,2,7,2,5,4,2,0,9,8,0,1,8,7,7,3,0,7,7,8,6,0,6,4,0,9,0,3,2,7,2,2,1,5,5,9,5,3,2
"130",1,"B4427","B",79,8,2,1,4,2,1,4,5,3,8,3,1,3,8,0,4,8,8,3,7,6,5,2,6,0,9,5,7,2,9,3,6,4,3,9,0,2,3,5,5,6,9,9,2,4,5,2,2,9,8,7,7,4,4,4,5,9
"45",1,"B1514","B",73,5,3,6,0,0,0,3,1,2,1,3,0,9,8,0,4,3,6,9,5,2,6,7,6,2,9,1,1,1,3,4,0,6,9,2,5,9,4,6,8,2,1,9,6,0,8,1,4,4,3,8,1,1,6,6,6,1
"22",1,"B0875","B",46,1,8,7,0,0,4,3,9,6,4,3,2,3,5,3,7,7,9,7,2,4,5,0,8,8,7,9,7,5,5,1,8,2,3,5,2,1,5,0,5,8,3,3,0,5,8,9,1,2,8,4,9,8,4,3,3,8
"206",1,"B6774","B",33,4,6,0,2,4,1,4,8,9,6,3,5,8,9,2,5,8,3,9,4,9,8,5,9,1,2,8,5,5,0,1,0,3,0,4,6,6,3,3,4,1,9,7,2,9,8,0,1,1,6,8,1,5,4,1,0,6
"230",1,"B7517","B",11,9,1,1,5,0,4,2,2,6,4,4,1,9,6,5,9,8,6,1,3,7,6,6,0,7,3,4,6,0,6,2,9,1,3,8,8,7,5,9,3,3,7,3,6,1,9,7,2,4,2,6,3,2,1,9,6,1
"193",1,"B6348","B",82,5,8,2,9,3,7,2,1,7,0,3,9,3,4,7,0,2,0,6,0,3,8,8,6,9,2,2,1,1,0,5,3,4,2,8,6,7,9,5,4,5,6,2,4,3,4,5,9,6,9,2,0,5,9,9,9,9
"104",1,"B3447","B",6,9,0,4,2,1,1,0,5,1,9,4,8,2,2,6,8,0,0,1,3,2,2,2,9,1,4,7,1,7,5,7,2,8,1,9,1,8,6,1,7,0,2,0,8,0,2,4,6,6,0,4,7,9,7,3,1,7
"379",1,"B5506","B",59,4,5,6,2,9,0,1,9,4,4,3,4,1,4,2,6,2,5,6,8,2,9,5,5,7,8,9,6,8,3,9,2,4,7,0,1,2,5,0,4,1,0,8,1,1,6,6,4,7,4,7,3,4,6,7,4,6
"255",1,"B8210","B",9,3,1,6,3,6,9,6,4,9,0,7,1,4,2,7,0,1,2,0,7,0,4,8,7,1,1,1,1,8,5,4,0,2,8,8,6,8,0,1,1,0,2,4,1,1,1,3,6,0,3,6,8,4,8,3,2,5
"353",1,"L1746","L",10,3,4,1,7,0,4,5,9,8,0,4,4,4,8,7,1,7,3,6,6,4,0,1,7,8,0,7,3,1,0,4,3,5,6,0,9,1,5,6,0,7,8,7,3,1,2,8,4,2,9,6,7,4,5,2,5,7
"354",1,"L1781","L",28,9,3,8,5,0,9,3,6,5,5,7,9,5,8,3,5,2,5,8,7,3,0,1,5,8,2,2,4,0,3,0,0,9,1,2,0,5,4,3,5,8,5,4,3,9,2,0,2,6,2,2,8,7,9,4,3,4
"103",1,"B3333","B",29,6,3,2,7,4,5,5,3,4,9,7,3,8,1,0,9,9,1,2,0,7,4,2,8,9,8,7,1,4,3,5,3,7,4,3,6,2,9,0,7,1,3,3,2,7,6,3,9,3,1,2,7,3,0,8,6,8
"331",1,"L1005","L",41,2,2,4,6,6,8,3,3,0,9,3,0,1,6,7,6,4,3,7,2,8,6,8,1,9,3,1,2,7,9,3,9,8,2,2,6,0,8,3,6,9,2,1,0,0,3,1,2,3,1,0,3,5,8,8,0,8
"13",1,"B0518","B",81,5,7,0,7,3,4,8,2,2,5,4,7,9,0,0,2,9,6,8,6,0,5,9,7,6,9,5,9,6,3,1,0,6,4,7,7,2,6,0,2,1,4,8,7,1,6,6,3,4,9,5,3,7,9,3,0,8
"296",1,"L0080","L",99,8,4,2,6,2,3,2,3,7,1,3,4,5,6,0,5,0,7,7,9,3,4,9,4,4,5,7,6,8,8,9,8,1,1,1,5,3,6,4,6,4,5,5,3,5,2,6,2,9,0,5,4,0,2,0,2,7
"388",1,"B0544","B",47,2,6,0,9,7,4,1,1,1,5,3,0,4,0,3,7,5,7,9,3,3,8,1,1,1,2,4,8,1,0,7,9,9,5,1,1,2,4,2,9,7,0,9,4,3,3,5,8,4,8,4,4,8,6,9,3,0
"176",1,"B5807","B",71,1,5,3,1,3,2,0,0,9,4,3,0,1,3,2,9,0,8,6,3,0,5,2,7,9,2,1,3,7,5,1,7,0,4,6,7,2,7,0,1,0,8,7,5,3,0,5,8,3,9,7,8,6,4,9,8,9
"279",1,"B9252","B",9,5,5,9,3,3,5,8,2,8,1,0,4,1,2,8,9,5,3,5,9,7,6,2,9,7,3,6,2,8,8,3,9,5,1,2,1,1,8,9,4,4,8,4,1,6,5,6,7,8,1,7,7,3,5,8,9,6
"110",1,"B3753","B",5,0,7,6,1,8,2,3,3,6,3,5,0,6,6,9,6,9,1,6,8,4,4,3,8,4,1,3,1,1,8,9,0,3,3,9,1,9,6,2,1,7,0,2,8,0,2,6,3,1,7,5,9,4,3,2,4,9
"84",1,"B2708","B",82,7,7,1,5,0,3,6,6,2,1,4,6,0,4,8,1,1,4,4,9,5,0,6,7,8,5,1,3,1,4,2,9,1,0,9,4,6,1,0,4,2,4,7,3,1,7,0,3,0,9,4,2,5,6,3,7,5
"29",1,"B1115","B",52,4,2,5,4,7,3,3,9,5,0,8,7,9,9,1,5,6,1,6,9,4,4,3,1,1,7,0,3,6,4,5,5,8,0,8,4,4,2,8,6,8,1,0,4,1,8,0,6,3,5,9,1,2,4,6,9,0
"141",1,"B4674","B",4,2,1,1,5,3,8,4,4,7,1,0,1,0,6,3,0,5,0,1,0,4,4,4,7,7,5,5,7,0,3,9,4,3,0,5,0,5,6,1,9,5,3,8,5,4,4,1,7,8,9,5,6,1,5,8,4,3
"252",1,"B8161","B",63,8,4,7,9,3,8,5,5,0,7,6,3,6,2,6,3,5,9,7,4,9,9,5,3,8,5,1,4,4,5,5,0,1,2,3,5,1,9,0,6,8,4,5,9,4,2,8,3,9,7,8,3,3,3,7,0,9
"221",1,"B7194","B",95,8,2,0,6,5,2,4,2,3,6,6,2,3,3,0,2,8,4,2,7,0,4,7,6,4,6,9,8,1,0,9,2,6,9,0,9,2,4,2,9,8,9,2,5,3,6,8,2,2,0,6,3,2,2,3,3,6
"108",1,"B3599","B",26,5,5,8,2,2,0,8,6,7,8,6,0,0,9,9,3,5,5,2,6,1,6,2,6,6,1,2,8,7,2,7,4,0,4,4,1,9,4,5,3,0,9,7,2,5,4,3,1,5,9,8,1,1,9,0,6,1
"304",1,"L0242","L",33,2,9,5,7,4,9,0,3,8,2,7,8,3,5,2,0,0,9,5,1,5,8,9,7,2,3,5,1,4,9,0,6,5,9,4,0,9,4,1,4,7,2,7,3,6,2,7,6,0,4,3,8,6,8,3,9,5
"33",1,"B1199","B",41,3,3,7,6,0,4,9,0,2,4,2,3,3,3,0,1,0,6,2,6,0,6,3,1,9,0,2,4,2,1,4,3,2,7,7,2,9,4,7,4,2,3,8,1,0,2,2,6,6,4,7,3,7,2,1,8,4
"359",1,"L1989","L",48,7,8,5,9,5,6,0,8,1,2,0,9,8,6,8,6,6,7,5,4,8,6,2,1,9,2,7,2,1,6,9,6,3,4,9,1,6,3,3,6,8,7,6,8,8,6,4,6,7,3,9,6,5,7,1,9,2
"149",1,"B5089","B",53,4,4,1,5,1,0,2,4,2,5,4,7,8,2,4,2,1,0,2,8,7,4,5,7,1,4,3,0,7,5,0,2,2,1,1,5,2,1,1,0,1,7,3,8,4,6,1,6,0,8,4,7,9,3,7,2,3
"287",1,"B9586","B",86,9,9,3,0,5,9,3,0,3,7,5,9,5,8,3,9,6,0,4,8,1,9,7,4,1,4,1,1,6,6,5,0,4,4,9,2,6,6,2,0,3,6,0,4,6,2,2,4,1,8,6,4,4,8,4,9,5
"102",1,"B3325","B",8,2,5,0,4,6,7,1,6,4,8,1,1,7,6,7,3,9,6,8,7,4,0,2,0,2,2,6,3,6,5,3,5,9,6,1,8,9,2,9,0,2,2,5,8,4,4,2,8,3,4,1,8,0,6,0,0,9
"145",1,"B4921","B",10,8,6,5,0,3,4,6,5,9,3,5,3,8,1,9,9,5,1,7,3,3,1,8,9,4,9,0,9,9,9,8,9,9,2,7,9,9,2,9,2,9,2,7,3,9,1,2,6,9,9,3,7,9,7,2,9,6
"118",1,"B4089","B",5,7,2,5,1,3,9,6,7,1,3,5,8,4,2,6,0,0,0,6,1,0,2,4,0,8,4,5,2,1,7,5,4,8,5,5,7,3,3,6,9,1,9,9,5,8,0,0,0,7,4,4,8,0,2,1,9,3
"335",1,"L1273","L",91,4,6,6,4,3,9,0,3,7,4,0,6,0,5,1,3,2,0,5,1,1,5,2,6,3,8,1,4,0,1,9,0,1,4,8,4,4,2,5,4,4,1,9,9,0,2,6,4,8,6,6,7,1,2,7,5,5
"107",1,"B3590","B",74,1,0,5,0,7,3,1,5,6,9,3,4,7,2,0,9,6,3,0,1,0,7,7,7,3,0,0,2,3,3,3,7,8,4,2,2,0,2,3,5,4,7,6,6,9,1,5,1,6,8,5,2,2,3,3,3,9
"64",1,"B2009","B",43,0,0,8,1,8,0,1,7,4,3,1,9,3,5,8,8,3,2,1,2,8,0,5,3,9,4,9,3,0,2,0,0,4,7,1,9,9,2,9,5,7,3,7,9,1,7,4,0,9,5,6,9,7,9,0,2,1
"224",1,"B7202","B",99,8,8,7,2,7,6,1,9,7,7,8,7,8,7,8,3,5,0,8,4,6,5,9,6,3,4,0,4,4,5,2,6,2,1,6,9,3,0,0,3,3,5,7,9,4,6,5,7,1,9,1,8,0,2,8,7,0
"349",1,"L1640","L",4,7,8,1,6,1,7,0,4,4,1,3,2,1,3,6,1,2,1,8,2,2,8,0,6,0,9,8,5,9,6,3,7,1,8,9,0,6,6,0,4,4,3,9,0,8,2,3,4,8,3,6,8,4,3,8,7,8
"316",1,"L0565","L",98,8,1,1,6,2,8,9,9,2,2,0,9,1,4,8,7,2,6,8,6,2,2,3,5,6,7,9,2,8,9,0,5,1,7,4,3,8,0,8,4,2,3,1,8,2,3,2,2,6,4,6,2,3,1,6,8,5
"51",1,"B1717","B",40,5,8,5,8,2,0,7,3,4,2,9,2,8,2,9,3,5,3,7,8,8,1,2,5,0,6,8,6,0,4,6,8,2,1,4,9,6,2,1,1,0,8,4,4,5,0,0,7,8,0,5,4,7,2,7,1,9
"337",1,"L1309","L",32,5,2,7,1,5,1,3,1,5,5,4,6,2,5,7,3,7,1,8,5,5,4,3,0,7,3,2,8,5,7,1,1,2,1,5,3,5,9,0,6,0,1,6,0,0,0,1,1,4,3,9,3,0,4,3,3,6
"385",1,"B8321","B",68,7,4,3,5,7,1,8,6,2,5,2,6,5,3,1,3,3,1,2,5,6,8,5,7,5,2,1,4,4,5,3,9,3,4,5,7,4,5,7,0,0,5,0,0,0,2,1,1,5,0,8,1,1,6,7,0,9
"138",1,"B4509","B",21,1,4,6,1,2,9,4,5,9,5,0,6,8,7,8,1,2,6,1,3,0,9,6,1,4,4,9,1,1,4,1,3,0,3,2,4,9,3,9,0,2,0,4,9,6,7,4,8,8,8,8,7,9,6,6,5,4
"403",1,"B8091","B",0,4,7,6,8,0,9,0,5,9,4,8,7,5,2,2,0,8,0,1,8,7,9,8,2,9,0,8,1,8,3,6,6,1,7,8,0,9,0,3,5,6,4,3,3,7,9,4,0,2,9,8,4,4,0,8,7,5
"402",1,"B7542","B",34,7,9,3,3,3,9,7,1,3,6,3,5,0,8,9,1,1,9,1,8,7,7,3,3,7,6,5,3,4,8,0,6,8,6,2,9,2,3,2,8,6,5,9,9,5,5,5,7,3,2,7,8,4,3,9,3,0
"282",1,"B9328","B",87,5,5,5,1,0,5,3,4,1,0,9,0,8,7,4,8,6,7,6,3,8,0,2,8,2,5,2,9,7,3,3,1,9,8,6,7,1,7,5,5,3,0,2,2,4,4,5,0,7,9,6,9,0,8,7,2,5
"143",1,"B4852","B",63,3,5,5,5,9,9,2,8,6,9,5,7,5,2,6,2,0,2,1,6,6,7,3,2,0,4,3,2,1,8,9,5,2,2,3,7,0,0,7,1,1,2,1,9,6,3,2,2,3,4,1,4,0,5,9,5,6
"285",1,"B9502","B",15,6,4,4,8,7,6,3,8,1,2,3,5,4,3,7,7,2,3,0,2,5,2,5,1,6,2,8,5,8,9,8,3,4,6,6,7,2,1,4,6,3,5,6,8,7,6,2,4,2,2,8,8,9,4,5,1,1
"170",1,"B5588","B",15,6,4,9,6,6,0,8,7,4,0,1,3,9,1,4,2,1,1,6,9,7,2,2,0,7,0,9,4,1,4,7,5,4,6,3,2,1,7,2,3,9,8,2,4,5,5,7,3,9,8,9,6,5,2,8,4,4
"48",1,"B1588","B",14,9,9,4,6,8,9,9,3,5,0,6,0,0,2,7,2,7,5,2,8,1,6,1,1,8,7,7,2,6,9,6,2,4,3,5,2,6,3,5,6,4,3,1,3,8,4,4,0,3,8,2,7,9,3,6,4,4
"204",1,"B6682","B",53,6,0,9,2,7,5,1,1,5,5,8,1,1,2,7,1,4,4,4,8,1,4,6,2,4,6,4,8,3,8,7,3,4,0,3,9,0,9,0,2,7,8,4,7,2,4,6,5,4,0,0,3,1,0,3,5,6
"295",1,"L0039","L",8,6,6,0,7,6,9,8,0,4,6,3,5,2,1,2,8,9,2,9,4,5,1,3,3,7,8,9,0,4,0,3,2,2,9,5,2,1,1,9,3,6,2,2,4,7,7,0,2,0,4,7,7,4,9,4,1,7
"24",1,"B0886","B",80,3,7,0,2,6,6,2,0,3,6,5,3,3,7,6,0,5,3,0,9,7,9,7,9,0,4,7,6,0,1,8,3,1,9,5,3,0,8,5,0,3,6,8,9,7,1,8,1,5,4,5,6,2,0,0,9,8
"181",1,"B5976","B",2,0,1,2,2,5,2,4,4,3,0,6,2,2,5,9,8,1,1,7,0,3,4,8,5,3,7,0,1,9,4,0,0,0,9,5,4,2,3,0,4,9,3,5,3,6,3,1,5,0,2,2,6,0,6,1,7,8
"214",1,"B6963","B",18,5,7,5,7,4,7,3,1,0,8,5,1,2,8,8,8,8,6,0,1,0,2,9,7,6,9,5,3,8,2,5,0,6,5,4,2,4,7,9,6,3,8,2,2,4,6,7,1,1,6,8,3,8,9,1,4,3
"346",1,"L1568","L",6,0,0,4,1,4,1,7,9,8,9,9,3,7,0,5,8,5,9,0,8,6,4,7,5,6,5,4,4,9,9,6,7,0,6,7,8,3,4,2,4,0,0,3,7,7,7,1,1,3,5,2,0,4,7,7,6,1
"225",1,"B7329","B",31,3,4,0,0,4,0,7,3,4,9,3,1,8,5,6,3,8,0,8,5,2,3,2,6,6,0,8,0,1,7,3,8,5,7,3,0,6,8,4,2,4,1,7,2,2,8,3,4,8,6,5,4,3,6,5,0,5
"163",1,"B5461","B",46,4,3,9,6,4,6,7,9,0,0,2,2,4,4,9,2,5,5,9,9,5,5,0,3,8,6,8,8,1,0,4,5,3,0,1,7,6,0,9,3,4,2,2,0,5,8,6,4,1,0,9,5,6,1,3,2,6
"43",1,"B1455","B",6,1,5,9,1,0,1,3,9,6,7,3,3,7,4,3,6,8,9,4,8,0,6,6,7,3,4,8,6,4,3,3,9,9,8,3,3,6,1,2,5,9,4,8,6,8,1,2,8,5,1,4,5,1,1,8,1,1
"1",1,"B0004","B",70,8,3,7,1,1,3,3,6,8,4,0,8,7,9,9,6,6,9,3,8,7,7,4,9,8,6,8,3,9,3,5,7,9,3,8,0,4,0,4,4,8,8,0,0,4,1,3,0,4,9,1,6,0,5,5,7,9
"380",1,"B7199","B",90,2,5,4,9,0,2,7,2,7,9,6,8,0,3,1,0,8,4,2,5,8,4,6,4,2,9,6,9,6,9,0,5,4,5,5,0,8,5,8,8,2,9,1,6,6,7,0,9,2,2,8,8,3,6,8,1,7
"78",1,"B2499","B",39,2,7,8,7,0,4,7,7,6,1,3,2,2,8,5,8,5,5,4,6,6,0,1,2,6,6,9,1,0,9,1,6,5,3,4,5,8,9,7,7,3,5,6,5,2,9,4,1,6,9,8,7,7,1,3,0,1
"284",1,"B9490","B",19,1,9,2,3,5,6,2,3,9,9,8,9,6,7,1,9,8,5,4,9,3,4,1,1,9,8,2,4,1,8,4,8,5,3,3,4,4,1,9,0,1,9,4,4,1,7,5,4,8,0,3,5,8,3,2,1,5
"116",1,"B4027","B",63,0,3,8,8,1,7,0,7,9,9,7,4,6,9,9,8,1,2,3,9,2,4,0,1,8,9,2,2,9,5,3,9,6,6,0,4,2,4,5,3,4,3,1,2,4,8,4,4,6,2,2,9,3,4,8,5,3
"233",1,"B7683","B",85,1,8,4,1,9,1,5,2,8,5,4,8,4,7,4,5,9,0,4,7,8,2,4,8,7,6,0,6,6,6,6,0,7,3,4,5,8,0,9,7,7,2,5,6,0,2,1,9,7,4,0,4,3,3,2,2,9
"293",1,"B9726","B",96,1,9,6,2,7,5,7,4,8,9,8,3,3,0,6,7,7,7,4,7,2,6,9,0,4,8,2,4,2,8,0,0,4,5,5,1,5,2,6,7,3,7,4,6,5,6,3,6,3,0,4,2,0,1,7,2,2
"61",1,"B1921","B",42,7,4,8,4,7,6,4,6,4,8,3,0,0,2,3,1,4,6,9,4,5,9,9,7,8,6,9,9,1,5,8,8,2,2,6,1,7,3,8,9,2,3,5,1,4,5,1,3,9,9,9,2,5,2,2,8,9
"86",1,"B2754","B",77,0,9,6,2,3,0,3,2,4,2,7,2,3,2,4,9,2,7,3,6,5,2,5,6,7,1,9,3,5,0,0,3,3,2,5,0,2,2,5,0,0,2,9,9,1,6,4,8,9,6,1,4,4,2,8,2,3
"342",1,"L1431","L",43,6,8,4,2,0,5,3,2,0,5,0,2,6,4,0,7,8,9,5,3,8,2,8,9,1,2,2,7,5,8,6,3,8,6,7,6,8,0,0,5,7,0,0,6,4,1,0,5,1,8,1,8,6,3,7,1,4
"49",1,"B1653","B",93,5,1,3,7,4,4,3,4,8,5,1,4,9,5,0,4,4,5,0,1,9,6,3,1,5,5,9,6,4,1,3,9,4,3,0,5,4,0,5,6,7,8,3,5,7,2,4,7,3,0,8,2,0,6,0,4,6
"242",1,"B7812","B",17,9,8,0,7,7,4,6,4,8,9,0,6,6,7,4,0,1,3,2,5,4,7,9,7,1,5,6,9,3,7,5,0,3,6,7,7,7,0,8,1,3,0,1,5,7,6,2,7,6,0,3,6,8,1,2,3,8
"246",1,"B7854","B",92,4,4,5,8,6,6,5,9,3,1,9,2,6,9,4,2,2,8,2,4,1,0,6,7,2,9,4,8,3,5,7,8,4,8,2,8,9,2,3,4,8,9,9,3,6,0,8,5,1,2,5,5,2,3,0,3,9
"247",1,"B7977","B",47,7,5,6,1,1,1,9,1,9,0,2,5,5,8,6,7,8,2,9,6,1,5,7,8,5,9,4,5,4,9,2,1,3,3,2,5,8,4,5,0,6,5,0,9,3,6,3,4,7,8,5,1,6,8,1,0,7
"239",1,"B7769","B",6,3,6,1,8,1,6,5,6,8,4,1,3,2,7,4,0,0,3,8,9,3,6,6,2,2,4,6,8,6,2,1,6,5,8,6,7,9,5,1,5,8,2,1,5,9,4,4,8,4,9,7,3,3,3,6,7,7
"219",1,"B7149","B",0,8,6,1,8,3,5,3,3,6,3,3,1,9,8,4,7,2,0,1,4,9,4,3,4,1,6,9,7,7,7,5,1,0,3,3,6,9,8,3,6,5,2,7,5,0,3,2,8,7,5,3,2,7,6,0,4,0
"135",1,"B4469","B",37,1,9,6,8,5,9,2,6,6,0,0,1,8,8,1,5,8,7,3,6,1,2,7,4,8,3,7,5,0,0,2,2,4,7,9,2,0,4,6,3,2,6,7,8,3,7,5,4,0,0,7,8,2,4,8,5,0
"376",1,"B3591","B",0,2,9,4,9,4,2,8,1,2,4,4,9,8,0,7,5,6,4,9,6,7,7,7,6,9,0,7,7,3,2,1,4,9,7,8,9,8,1,8,2,2,7,7,8,1,3,7,4,6,8,2,0,0,8,1,7,5
"375",1,"B3309","B",1,2,1,8,9,9,7,6,6,3,9,1,5,5,3,5,2,2,8,5,4,0,9,9,0,6,2,7,5,4,1,7,2,1,5,6,9,1,3,0,0,0,4,5,0,2,5,8,3,0,6,0,4,9,9,2,5,3
"321",1,"L0730","L",33,4,6,0,2,8,6,7,4,7,4,0,6,1,8,6,4,6,7,8,9,8,2,4,8,5,9,4,5,9,6,3,9,5,2,9,0,4,3,1,9,0,2,1,2,9,6,4,2,7,7,7,4,7,2,4,2,8
"53",1,"B1776","B",90,0,7,9,7,8,6,1,7,3,6,2,3,8,4,5,5,5,1,7,6,9,5,3,4,5,3,3,6,6,8,3,8,3,3,9,3,0,7,3,1,5,3,9,0,0,3,2,9,2,8,6,6,2,4,4,9,4
"360",1,"L2125","L",50,8,3,2,5,9,4,5,1,6,4,1,2,6,7,1,1,7,4,1,8,0,6,2,8,5,7,0,6,3,1,1,3,7,7,4,6,7,6,5,9,5,0,0,3,0,4,1,9,7,4,5,5,5,2,8,3,6
"65",1,"B2102","B",52,8,5,7,6,9,8,6,6,5,5,9,3,7,0,5,1,6,6,9,7,0,7,3,6,1,6,0,0,0,1,1,4,9,6,9,5,8,5,5,0,5,1,4,8,9,4,7,9,1,4,3,4,8,2,2,8,1
"389",1,"B1561","B",87,8,3,0,1,4,4,1,7,3,2,7,5,3,3,2,0,0,5,8,1,9,9,9,9,5,9,2,4,9,0,9,7,5,2,8,5,1,5,3,1,5,0,8,0,5,0,0,3,0,6,2,4,8,7,5,9,0
"124",1,"B4179","B",11,9,9,9,4,3,9,8,7,8,3,1,4,6,9,4,2,7,4,8,1,1,2,7,9,2,3,7,6,7,6,0,5,4,4,1,3,2,5,5,8,8,4,0,8,0,6,8,2,1,5,1,6,3,8,5,7,5
"77",1,"B2474","B",20,3,7,5,2,1,2,6,4,8,9,6,0,3,6,6,3,1,0,4,8,6,3,9,4,5,5,5,1,6,5,6,4,8,0,3,4,2,5,5,9,8,3,9,8,9,0,1,4,1,4,6,7,1,6,2,9,9
"218",1,"B7144","B",32,5,1,4,5,7,1,3,4,9,0,6,5,4,5,0,5,8,4,6,4,3,2,6,6,2,1,0,0,3,6,2,3,5,6,2,2,7,4,6,1,8,0,3,9,6,3,6,9,0,4,7,0,3,4,8,5,8
"98",1,"B3098","B",68,5,2,6,8,9,5,6,9,6,1,5,7,6,7,8,4,2,8,6,7,6,3,6,0,7,0,8,3,1,5,2,8,6,7,8,1,7,6,9,1,3,1,7,4,0,5,3,6,4,7,2,2,2,9,4,1,1
"194",1,"B6351","B",89,9,8,4,1,1,3,7,3,0,5,6,4,7,8,8,0,5,2,6,5,2,4,5,8,6,5,7,2,3,1,7,2,8,7,6,6,1,5,2,7,2,1,3,5,9,4,7,3,7,8,8,8,0,9,2,8,6
"19",1,"B0733","B",45,5,6,3,8,5,7,1,9,0,6,2,1,4,1,0,4,4,0,8,5,7,7,5,3,2,3,4,2,1,9,6,2,1,6,3,6,6,3,0,7,2,5,4,0,2,4,5,3,1,5,6,4,4,4,3,2,2
"31",1,"B1144","B",98,1,9,5,7,3,5,6,9,8,1,6,7,4,8,9,3,6,8,6,1,1,2,2,8,8,2,2,3,6,2,2,2,4,6,1,4,3,1,4,7,1,6,8,6,5,2,4,8,9,6,0,5,0,5,6,4,3
"174",1,"B5761","B",33,3,3,6,7,2,4,1,7,7,4,2,2,2,4,7,8,0,0,0,4,5,1,4,7,3,4,9,7,0,5,6,2,5,7,0,8,6,3,7,4,0,1,9,8,2,3,4,1,8,8,4,7,2,9,6,1,7
"237",1,"B7760","B",66,0,1,9,9,8,1,6,4,4,9,7,5,6,3,5,5,0,4,2,3,4,6,8,8,2,2,2,7,5,8,7,2,4,3,9,4,6,9,4,7,1,7,2,9,7,2,6,0,5,3,5,4,8,8,0,9,4
"75",1,"B2379","B",84,1,8,8,0,7,0,6,4,7,9,9,3,2,8,6,9,5,5,5,4,8,2,4,1,5,1,8,9,2,2,9,9,4,1,8,9,8,7,1,0,6,6,3,7,2,9,0,8,6,6,9,9,1,3,0,5,4
"16",1,"B0587","B",85,2,3,6,0,0,0,4,1,1,3,2,3,3,1,6,7,2,2,7,2,1,7,9,2,6,3,2,0,7,4,5,3,7,7,3,1,1,6,6,0,1,9,5,8,4,3,8,3,8,2,7,5,0,7,5,6,4
"370",1,"B0207","B",67,6,1,2,4,2,0,2,6,8,2,1,0,9,7,0,7,1,7,9,8,1,6,9,2,4,7,6,7,1,0,7,8,3,3,6,0,1,7,3,6,3,6,3,3,8,4,2,0,5,0,0,5,1,7,5,5,8
"265",1,"B8723","B",95,8,1,4,6,5,9,3,0,6,0,5,6,4,7,9,3,5,4,0,2,4,8,1,0,4,9,6,7,4,0,6,8,1,6,7,2,0,2,8,1,1,5,1,5,5,1,2,2,9,0,3,8,0,0,6,3,0
"92",1,"B2825","B",87,1,0,9,1,2,5,9,9,2,3,8,2,2,4,0,2,2,6,5,7,7,4,5,2,5,4,0,9,9,5,5,9,7,5,8,8,1,9,9,0,5,7,7,1,6,8,9,9,0,3,1,1,9,6,2,9,8
"122",1,"B4132","B",29,9,3,5,0,4,6,5,7,2,0,1,8,9,5,6,1,7,3,8,4,1,1,6,1,3,4,2,8,1,2,9,0,2,4,5,6,4,3,7,1,7,2,0,3,3,8,0,9,6,4,5,4,6,7,0,9,1
"152",1,"B5181","B",56,7,7,3,7,4,4,1,6,9,4,6,7,3,9,3,3,0,9,2,4,4,8,5,9,9,6,2,0,5,1,0,5,3,7,7,2,1,7,7,6,0,2,6,5,5,0,1,8,3,6,9,0,3,8,4,7,6
"318",1,"L0641","L",67,6,6,9,2,6,4,2,7,0,5,9,7,5,4,0,4,1,7,9,1,3,6,8,0,9,6,9,3,8,9,3,8,5,9,1,7,1,9,3,6,6,4,8,3,4,7,2,9,8,2,5,5,2,8,9,8,2
"207",1,"B6842","B",86,0,8,9,7,3,0,6,4,9,2,0,2,2,7,9,8,4,3,9,5,1,2,3,6,0,9,8,2,7,4,5,8,0,7,6,3,3,1,9,6,6,9,8,0,9,5,1,6,8,0,0,4,9,3,2,6,8
"67",1,"B2209","B",19,6,3,4,1,9,8,2,6,9,6,0,6,2,1,9,3,3,0,5,6,1,6,0,0,5,4,2,9,8,8,0,7,2,0,2,1,5,4,7,8,2,5,1,1,8,2,7,5,2,6,5,1,6,3,6,7,3
"249",1,"B8002","B",90,8,1,5,9,4,9,2,0,4,9,0,5,5,2,4,9,5,6,6,4,1,5,1,8,7,3,9,2,4,6,5,3,5,5,4,0,9,7,7,8,8,4,7,3,7,7,7,7,3,2,7,5,5,4,5,4,2
"384",1,"B7998","B",29,0,3,7,5,0,7,3,2,1,6,6,9,3,7,6,8,0,7,0,9,7,0,2,0,4,4,9,5,1,2,1,2,1,7,0,8,9,7,2,9,0,5,7,2,5,9,8,6,3,3,9,6,4,2,8,1,3
"229",1,"B7516","B",37,3,1,8,5,3,9,2,8,0,1,0,2,1,3,2,8,2,0,4,2,8,3,3,3,6,6,4,9,5,7,0,0,4,6,6,3,9,1,1,3,5,4,4,2,2,6,4,8,8,9,6,2,8,7,3,6,9
"404",1,"B8195","B",96,3,1,9,9,4,5,1,0,4,6,4,4,0,3,4,5,5,1,9,5,5,5,8,8,6,9,2,9,4,5,0,6,1,6,1,2,8,4,8,5,1,0,5,4,9,5,3,8,2,6,0,5,7,3,5,6,0
"223",1,"B7201","B",41,9,4,0,0,8,7,2,9,0,9,0,1,3,0,5,7,2,4,1,7,3,4,6,5,8,0,8,7,0,4,2,8,0,0,5,3,7,8,4,0,0,8,7,6,3,2,5,6,1,6,1,2,6,0,4,8,2
"386",1,"B9242","B",71,1,9,9,6,8,9,4,9,6,0,2,8,4,8,1,3,7,1,1,6,2,0,5,3,7,8,7,9,1,5,7,8,9,2,8,4,0,6,6,4,5,1,8,8,6,3,7,5,3,1,1,1,2,5,0,2,5
"320",1,"L0714","L",62,3,1,4,8,5,6,2,6,6,6,3,8,2,3,8,4,5,9,2,3,8,4,5,1,5,3,5,5,3,5,2,6,5,7,2,7,1,7,5,8,5,9,6,0,5,2,9,1,8,7,4,7,1,9,3,1,9
"140",1,"B4631","B",76,6,5,1,1,3,6,0,7,5,6,3,6,4,3,5,8,2,2,3,7,9,8,0,7,6,4,2,9,6,1,5,0,2,1,8,8,8,0,0,0,1,1,2,5,7,3,4,5,9,3,7,4,5,9,9,7,5
"126",1,"B4228","B",53,2,7,8,6,0,8,9,7,6,4,0,9,3,0,9,8,9,0,6,0,2,6,8,0,0,3,7,2,0,3,4,2,8,6,2,8,5,1,4,1,9,5,4,5,0,9,4,9,7,5,4,0,5,2,8,3,3
"361",1,"L2139","L",41,2,8,3,0,4,3,7,0,5,5,7,6,6,7,0,3,6,2,6,9,2,3,8,8,1,1,1,3,5,2,2,7,8,7,4,1,1,2,7,3,7,0,7,0,3,9,6,4,8,7,8,3,5,9,6,7,9
"356",1,"L1892","L",1,1,1,9,3,2,9,4,2,3,2,2,6,5,0,1,3,3,9,5,0,6,3,5,3,3,3,2,9,8,1,7,5,4,7,2,0,2,4,8,3,3,6,8,8,6,9,3,6,8,2,7,2,2,8,9,7,0
"297",1,"L0105","L",17,3,3,9,8,2,9,9,6,0,0,8,8,3,6,4,7,1,4,6,9,5,6,4,7,8,6,2,7,7,1,1,0,6,1,5,4,3,3,2,6,6,9,1,3,6,4,8,7,4,2,8,2,9,6,4,5,0
"267",1,"B8771","B",6,8,1,3,9,1,2,7,5,8,4,9,1,8,9,0,9,7,0,0,1,3,9,2,2,4,4,2,7,1,8,9,4,0,8,9,4,0,2,4,9,7,3,9,3,6,7,0,1,9,4,0,0,4,9,9,0,3
"15",1,"B0585","B",86,3,3,1,0,3,7,5,2,5,5,7,4,9,3,9,0,0,9,3,8,6,3,0,7,8,4,6,9,4,2,8,7,0,8,4,5,6,5,6,4,5,9,7,7,0,7,2,8,8,9,2,5,3,3,6,5,0
"363",1,"L2203","L",68,4,1,4,9,4,1,2,9,8,3,7,8,9,0,8,1,3,4,1,5,9,3,3,4,9,7,8,0,1,6,7,9,9,0,1,9,2,5,1,9,4,2,7,4,8,8,0,9,0,0,3,3,8,3,6,7,4
"373",1,"B2670","B",24,4,7,7,1,9,1,0,2,1,1,0,8,7,3,9,1,6,8,8,0,6,9,0,5,9,7,4,3,9,0,9,0,1,6,8,6,7,7,6,0,8,2,3,0,2,1,2,1,4,1,1,3,4,5,1,5,3
"195",1,"B6431","B",46,1,3,0,6,0,4,0,8,8,8,2,4,4,0,5,0,0,6,2,4,0,3,1,0,4,0,6,0,3,1,5,8,0,7,4,6,6,4,3,1,3,5,6,5,4,1,4,4,2,0,7,5,7,9,9,5,5
"201",1,"B6623","B",82,6,2,7,1,7,0,6,8,9,2,1,2,2,2,4,7,6,8,9,4,6,8,5,1,5,2,1,9,9,3,9,1,7,0,2,7,3,2,1,3,8,6,8,8,5,0,6,1,7,2,6,5,2,0,7,4,3
"378",1,"B5040","B",64,1,0,8,7,3,4,8,6,1,7,6,1,9,6,1,0,6,9,8,6,3,2,8,0,9,3,2,6,1,9,6,9,8,0,1,8,0,9,9,5,9,6,2,2,8,9,7,0,7,8,7,7,6,4,6,5,2
"17",1,"B0693","B",88,1,5,4,7,3,8,5,4,9,0,5,7,4,9,7,4,9,5,6,3,4,8,2,3,7,5,7,4,5,1,1,0,9,4,0,3,3,6,9,0,3,7,1,8,1,2,7,8,1,1,6,2,0,5,1,7,7
"212",1,"B6932","B",58,2,9,8,7,6,4,2,2,3,8,7,6,2,9,9,8,5,2,8,4,1,1,3,9,8,7,8,4,2,2,5,3,9,5,5,7,0,0,8,9,1,1,1,8,9,1,6,5,4,9,5,8,8,6,6,5,2
"127",1,"B4265","B",8,4,2,5,6,7,3,0,7,0,9,1,2,4,4,9,4,0,8,5,2,3,5,8,5,6,4,0,4,2,5,4,6,7,8,3,9,6,0,8,1,7,9,4,6,6,6,9,9,2,4,7,7,8,1,8,2,0
"133",1,"B4445","B",51,4,8,3,1,3,2,2,9,9,4,5,9,4,9,9,2,2,5,8,0,8,2,7,7,7,2,1,4,3,0,9,4,0,7,9,9,4,4,1,2,1,7,9,8,3,9,2,9,2,7,6,6,2,4,3,1,3
"41",1,"B1399","B",17,4,4,4,8,3,4,8,6,8,3,3,1,0,7,9,3,3,7,6,8,0,9,5,4,0,0,9,3,3,9,1,4,4,8,0,6,1,2,8,4,0,3,1,1,4,4,9,3,5,2,0,3,6,1,6,3,9
"286",1,"B9584","B",16,9,0,2,6,2,9,1,9,8,9,9,3,3,1,4,9,5,8,4,3,9,4,9,6,9,3,3,4,1,1,5,2,8,2,4,1,2,7,6,3,5,4,3,0,4,3,8,5,6,1,8,9,8,8,0,4,1
"336",1,"L1285","L",83,7,5,0,5,0,2,7,7,2,1,8,9,9,2,9,3,8,9,8,0,1,2,9,5,4,0,9,0,1,7,1,3,7,2,8,2,0,8,9,9,2,6,9,1,9,0,3,6,7,3,5,5,4,2,3,4,4
"159",1,"B5397","B",68,9,6,1,1,1,5,4,8,3,2,4,8,2,8,1,3,9,7,0,3,5,3,2,4,4,0,1,5,3,6,1,5,9,8,4,2,3,4,7,3,6,9,0,9,7,3,9,1,3,6,6,9,5,0,5,5,3
"117",1,"B4057","B",69,8,6,4,3,4,6,3,9,1,6,9,6,8,8,6,4,9,0,6,0,2,5,6,7,7,2,2,8,8,7,8,7,7,7,4,4,2,9,5,6,9,3,2,2,6,4,2,4,1,9,3,6,5,0,6,6,0
"72",1,"B2332","B",2,3,7,5,6,8,3,8,2,5,1,7,5,9,5,7,2,3,0,0,8,4,4,3,3,6,8,4,5,3,6,8,4,3,9,5,0,0,2,0,3,1,9,8,5,8,2,5,5,5,2,6,3,4,8,0,9,4
"36",1,"B1258","B",12,1,7,5,9,8,2,0,3,2,8,6,5,5,8,0,9,8,5,1,8,3,0,2,5,5,7,6,8,5,1,0,9,9,4,7,4,9,4,4,9,5,7,7,5,8,4,0,1,7,6,1,6,1,1,4,0,9
"291",1,"B9705","B",64,3,1,8,3,7,5,8,1,5,4,9,3,3,9,6,4,6,1,1,2,9,8,7,4,0,5,5,2,6,9,6,0,3,6,5,6,8,8,9,0,2,5,3,6,1,7,3,0,0,4,6,5,7,5,1,1,5
"235",1,"B7718","B",32,0,9,0,9,2,4,9,5,7,4,2,2,5,4,2,5,8,8,3,2,0,0,0,3,1,5,9,0,6,2,4,9,3,2,7,2,2,4,9,0,4,7,8,8,2,1,1,3,6,3,3,6,5,1,3,7,5
"157",1,"B5314","B",77,3,6,7,9,2,0,6,0,5,4,7,1,2,9,1,3,9,8,9,2,0,4,5,8,0,0,8,0,7,8,8,2,1,9,2,7,8,9,6,5,7,1,5,2,5,8,6,3,3,7,8,5,9,8,0,4,7
"391",1,"B2066","B",38,9,0,0,6,5,3,3,0,2,2,8,2,0,0,9,9,0,3,4,7,3,1,2,1,3,3,5,7,5,3,7,5,9,6,3,2,4,1,9,8,1,7,3,6,5,3,3,7,3,0,8,6,7,7,7,2,0
"325",1,"L0854","L",31,0,6,3,7,4,4,9,7,1,9,2,0,3,9,0,0,5,2,0,1,0,2,5,4,8,9,3,7,6,9,6,3,0,0,3,2,2,7,6,3,4,0,6,2,2,0,2,3,0,8,8,1,7,6,3,8,6
"317",1,"L0590","L",37,9,7,9,4,7,8,1,3,4,1,0,7,3,3,0,3,8,4,2,6,5,9,7,8,8,8,8,7,8,7,4,1,5,9,5,1,9,4,0,7,8,3,2,4,8,1,1,2,2,8,4,3,2,0,6,5,3
"281",1,"B9318","B",9,7,1,5,1,2,3,1,3,2,2,6,5,1,1,5,2,0,4,2,0,3,9,3,7,0,5,1,8,4,6,0,6,1,9,0,8,3,2,7,2,9,4,5,2,6,6,8,1,2,2,6,3,7,7,2,6,6
"238",1,"B7765","B",42,0,3,0,1,2,6,7,9,7,4,8,5,0,7,1,6,4,3,8,1,7,3,5,2,9,5,8,7,2,8,8,1,6,2,7,8,4,2,4,7,2,0,1,9,1,2,7,5,3,7,4,0,7,2,9,4,9
"106",1,"B3532","B",81,0,5,7,0,9,0,2,5,2,4,7,4,5,4,8,4,9,5,7,5,6,4,0,3,2,9,5,3,2,6,6,4,6,2,6,7,1,7,0,9,7,5,9,4,6,4,5,0,5,4,9,1,1,1,3,1,3
"185",1,"B6095","B",26,6,0,9,4,6,0,9,8,9,3,1,8,6,2,7,9,5,7,6,4,5,3,5,4,2,4,7,1,0,7,4,1,2,5,5,4,5,5,3,5,5,1,0,9,5,6,6,7,1,2,6,7,4,9,1,1,9
"88",1,"B2771","B",94,9,4,3,8,4,3,1,8,2,9,3,4,6,6,6,5,9,8,4,7,5,9,6,9,5,5,2,0,0,9,1,0,9,1,8,7,9,7,8,3,4,4,4,4,3,5,5,8,4,4,6,9,0,6,8,1,8
"231",1,"B7648","B",42,8,4,6,1,9,5,4,9,1,4,7,6,2,9,7,5,1,6,7,0,9,0,5,5,8,0,2,2,5,3,2,7,2,6,1,9,4,0,1,2,6,4,6,7,8,7,0,6,3,1,9,4,5,3,1,2,0
"222",1,"B7196","B",92,7,2,9,7,4,7,7,6,2,5,0,1,2,6,0,5,1,8,3,9,9,2,4,9,3,7,1,9,3,3,9,7,6,6,4,3,9,6,9,6,5,0,8,7,0,2,9,6,5,4,7,0,7,5,4,3,6
"306",1,"L0266","L",12,8,0,9,2,8,9,4,7,5,9,9,5,3,2,8,5,5,1,8,8,8,5,1,7,1,3,9,9,0,4,6,3,6,3,9,7,5,3,6,6,2,2,3,5,6,8,9,5,9,4,6,8,3,4,6,5,9
"240",1,"B7778","B",35,2,5,3,3,5,2,8,7,9,3,4,9,1,9,0,6,5,3,0,7,0,7,8,2,8,1,4,9,9,6,4,9,8,6,8,5,9,2,4,4,4,5,9,3,8,3,1,1,4,7,9,2,2,8,9,3,6
"50",1,"B1654","B",23,3,2,6,2,8,9,7,8,5,9,9,3,8,0,5,5,4,5,5,3,2,6,2,9,8,9,2,4,6,7,4,9,4,2,8,1,1,6,5,1,4,0,2,2,6,1,4,4,7,4,9,6,2,0,7,9,3
"80",1,"B2570","B",78,2,6,7,6,9,4,7,4,0,2,7,7,5,2,9,5,0,8,2,5,1,5,7,3,3,2,8,1,2,5,8,2,1,8,1,5,1,4,9,8,9,7,5,5,7,9,5,5,6,9,7,7,9,1,7,3,3
"30",1,"B1141","B",29,1,6,5,5,5,4,1,6,3,1,2,4,5,3,8,2,8,2,1,4,6,0,4,3,9,1,3,9,5,9,2,4,9,6,5,3,1,2,0,1,2,2,5,4,4,7,7,7,2,0,5,1,3,9,4,4,7
"93",1,"B2834","B",47,4,5,3,6,0,1,9,8,7,1,7,1,7,4,5,8,4,8,3,4,4,0,5,5,1,7,5,4,8,7,8,7,9,0,0,6,1,0,1,4,1,3,8,0,1,2,4,1,2,4,2,3,7,7,2,5,1
"244",1,"B7831","B",55,9,2,0,0,4,9,9,8,7,6,2,1,3,9,9,3,5,0,0,2,3,7,1,9,4,6,7,6,2,8,2,7,7,5,6,7,1,1,3,2,7,4,0,5,9,9,1,9,6,8,6,2,4,1,7,1,4
"367",1,"B8023","B",38,3,6,5,1,3,6,1,1,8,7,9,1,2,4,6,6,9,0,6,2,6,8,5,6,8,1,6,9,3,5,7,2,3,2,6,0,6,6,9,7,1,9,1,0,0,9,1,1,8,3,9,5,1,2,6,0,9
"250",1,"B8090","B",32,8,4,9,5,3,9,3,0,1,9,0,6,6,4,8,9,9,4,4,1,2,0,6,1,1,5,2,9,1,1,8,4,6,5,8,7,4,8,6,2,6,5,5,0,0,6,7,0,9,8,6,2,5,2,8,3,8
"322",1,"L0797","L",81,5,1,6,5,1,8,6,5,3,1,0,0,8,0,2,3,4,2,5,9,6,6,1,5,1,3,5,0,7,2,7,0,3,7,4,7,2,6,6,9,8,2,5,9,7,3,0,8,8,1,3,2,2,4,1,8,2
"164",1,"B5470","B",19,0,9,2,7,8,4,2,3,6,9,1,1,0,9,6,2,2,5,6,6,4,2,4,7,9,1,2,8,6,0,8,3,9,4,1,6,7,2,4,6,3,7,1,5,4,2,6,4,8,2,4,8,4,1,6,6,9
"168",1,"B5575","B",2,0,1,5,7,2,3,0,2,1,5,0,2,0,5,1,2,5,7,3,3,9,2,3,0,5,1,7,6,2,0,8,4,0,9,6,2,3,9,7,9,1,0,4,3,5,9,2,6,2,9,6,6,4,7,4,8,5
